Code,Country or region,Local authority,Number of meters (thousands): Domestic Standard,Number of meters (thousands): Domestic E7,Number of meters (thousands): All Domestic,Number of meters (thousands): All Non-Domestic,Number of meters (thousands): All meters,Total consumption (GWh): Domestic Standard,Total consumption (GWh): Domestic E7,Total consumption (GWh): All Domestic,Total consumption (GWh): All Non-Domestic,Total consumption  (GWh): All meters
E06000001,North East,Hartlepool,42.5,1.6,44.1,3,47.1,112.3,6.8,119.1,280.9,400
E06000002,North East,Middlesbrough,61.2,2.7,63.9,4.2,68.1,164.7,9.6,174.4,233.1,407.5
E06000003,North East,Redcar and Cleveland,62.9,2.7,65.6,3.8,69.4,163.5,11.2,174.7,557.4,732.2
E06000004,North East,Stockton-on-Tees,85.7,3,88.7,5.4,94.1,236.7,12.8,249.5,771.8,"1,021.40"
E06000005,North East,Darlington,49.6,2.7,52.3,3.7,56,136.1,12.8,148.9,256.4,405.3
E06000047,North East,County Durham,240.9,6.7,247.6,16.2,263.7,643.1,34.5,677.6,"1,064.10","1,741.70"
E06000057,North East,Northumberland,150.2,10.1,160.3,13.9,174.2,439.8,54.6,494.4,902.7,"1,397.10"
E08000021,North East,Newcastle upon Tyne,121.8,9.8,131.6,9.7,141.3,328.2,46.1,374.3,661.6,"1,035.90"
E08000022,North East,North Tyneside,96.4,4.6,101,5.7,106.8,244,20.2,264.2,429.5,693.7
E08000023,North East,South Tyneside,70.4,1.5,71.9,3.9,75.8,171.7,6.3,178.1,181.2,359.3
E08000024,North East,Sunderland,126.8,4.3,131.1,8,139.1,326.2,18.1,344.3,697.8,"1,042.00"
E08000037,North East,Gateshead,89.8,4.2,94,6.2,100.2,231.3,19.4,250.7,493.2,743.9
E06000006,North West,Halton,56,1.3,57.4,3.4,60.8,156.8,6,162.8,445,607.8
E06000007,North West,Warrington,90.9,3.4,94.4,6.2,100.6,268.5,16.7,285.2,533.7,818.9
E06000008,North West,Blackburn with Darwen,58.4,3.1,61.5,4.9,66.4,171.7,13.6,185.3,335.7,520.9
E06000009,North West,Blackpool,60.8,6,66.8,6.6,73.3,175.8,27,202.8,257.1,459.9
E06000049,North West,Cheshire East,171.4,12.3,183.7,14,197.8,563.2,67.5,630.7,894.2,"1,524.90"
E06000050,North West,Cheshire West and Chester,152.7,8.1,160.8,11.6,172.4,470.5,43.2,513.7,"1,317.70","1,831.40"
E06000063,North West,Cumberland,123.1,10.7,133.8,13.4,147.2,358.4,61.1,419.5,715.2,"1,134.70"
E06000064,North West,Westmorland and Furness,101,14.3,115.3,14.4,129.6,312.9,88.4,401.2,857.7,"1,258.90"
E07000117,North West,Burnley,39.9,1.7,41.6,3.1,44.7,109.9,7.8,117.7,195.8,313.5
E07000118,North West,Chorley,49,2.6,51.6,3.5,55.1,150.2,13.1,163.3,181.2,344.5
E07000119,North West,Fylde,35.8,4.3,40,3.4,43.4,111.6,21.6,133.2,196.4,329.7
E07000120,North West,Hyndburn,35.2,1.6,36.8,2.9,39.7,96,7.1,103.2,169.2,272.4
E07000121,North West,Lancaster,57.8,5.4,63.3,5.7,69,169.5,28.4,197.9,293.4,491.3
E07000122,North West,Pendle,38.5,1.9,40.5,3.1,43.6,110.5,8.6,119.1,180.1,299.2
E07000123,North West,Preston,60.1,4.6,64.7,5.5,70.2,177.5,22.1,199.6,335.8,535.3
E07000124,North West,Ribble Valley,26.4,1.9,28.2,2.9,31.2,90.3,12.7,103,310.2,413.3
E07000125,North West,Rossendale,30.4,1.6,32,2.5,34.4,93.8,7.8,101.6,191.7,293.2
E07000126,North West,South Ribble,48.7,2.3,51,3.5,54.5,142.3,11.2,153.6,258.1,411.7
E07000127,North West,West Lancashire,47.3,3,50.3,3.9,54.2,152.9,15.4,168.3,366.2,534.5
E07000128,North West,Wyre,48.7,4.1,52.8,4.3,57.1,145.7,20.7,166.4,288.8,455.2
E08000001,North West,Bolton,117.5,7.9,125.4,8.1,133.5,342.9,37.5,380.3,476,856.3
E08000002,North West,Bury,79.1,5,84.1,5.5,89.5,235.6,23.5,259.1,301.6,560.7
E08000003,North West,Manchester,211,21.7,232.6,18.8,251.4,647.3,111.7,759,"1,616.90","2,375.80"
E08000004,North West,Oldham,93.3,3.7,97,6.3,103.2,267.5,17.1,284.6,378.9,663.5
E08000005,North West,Rochdale,91.2,3.9,95.1,6.1,101.3,264.6,18.6,283.2,435.6,718.8
E08000006,North West,Salford,119,10.3,129.3,8.2,137.5,366.6,50.9,417.4,564.2,981.7
E08000007,North West,Stockport,122.1,9.5,131.6,8.7,140.3,373.6,44.5,418.1,477.5,895.6
E08000008,North West,Tameside,99.1,4.6,103.6,6.2,109.8,276.2,20.2,296.4,370.9,667.3
E08000009,North West,Trafford,94.3,7.2,101.5,8,109.5,304.4,34.8,339.2,881.2,"1,220.40"
E08000010,North West,Wigan,142.8,6.7,149.5,8.3,157.8,402.4,29.4,431.9,595.9,"1,027.70"
E08000011,North West,Knowsley,67.9,1.3,69.3,2.9,72.2,186.7,5.9,192.6,376.7,569.3
E08000012,North West,Liverpool,212.1,10.4,222.5,14.6,237.1,576.7,49.7,626.4,"1,069.80","1,696.10"
E08000013,North West,St. Helens,81.5,2.1,83.6,4.6,88.1,224.8,8.9,233.7,441,674.7
E08000014,North West,Sefton,122.9,5.4,128.3,7.8,136.1,350.8,24.5,375.3,329.9,705.2
E08000015,North West,Wirral,144.3,5.7,150.1,8.8,158.9,411.3,25,436.3,444.1,880.4
E06000010,Yorkshire and The Humber,Kingston upon Hull City of,114.4,7.2,121.6,8.5,130.1,297.7,29.9,327.6,692.4,"1,020.00"
E06000011,Yorkshire and The Humber,East Riding of Yorkshire,150.9,10.7,161.6,13.7,175.2,456.5,52.6,509.1,958.8,"1,468.00"
E06000012,Yorkshire and The Humber,North East Lincolnshire,70.6,2.9,73.5,4.7,78.2,196.4,13.5,209.9,549.3,759.2
E06000013,Yorkshire and The Humber,North Lincolnshire,72.8,2.9,75.6,6,81.6,209.9,14.5,224.4,837.9,"1,062.30"
E06000014,Yorkshire and The Humber,York,82.7,7.9,90.6,7.6,98.2,239.3,36.6,275.9,407.2,683
E06000065,Yorkshire and The Humber,North Yorkshire,268.5,28.9,297.4,34.7,332.1,875.4,161.5,"1,036.90","1,808.10","2,845.00"
E08000016,Yorkshire and The Humber,Barnsley,110.8,1.8,112.7,6.6,119.2,303.5,8.7,312.3,525.8,838.1
E08000017,Yorkshire and The Humber,Doncaster,135.9,3.5,139.3,8.9,148.2,382.7,15.9,398.6,848.8,"1,247.30"
E08000018,Yorkshire and The Humber,Rotherham,116.2,2.9,119.1,7.1,126.2,318.2,13.1,331.3,574,905.3
E08000019,Yorkshire and The Humber,Sheffield,232.1,11.3,243.4,17.3,260.7,646.7,51.5,698.2,"1,217.70","1,915.90"
E08000032,Yorkshire and The Humber,Bradford,204.1,12.2,216.3,15.7,232,609.6,58.4,668,888.7,"1,556.70"
E08000033,Yorkshire and The Humber,Calderdale,89.8,5.8,95.6,7.3,102.8,268.5,29.8,298.3,430.8,729.1
E08000034,Yorkshire and The Humber,Kirklees,178,8.6,186.5,13.1,199.6,519,39.8,558.8,723.2,"1,282.00"
E08000035,Yorkshire and The Humber,Leeds,328.5,27,355.5,25.8,381.3,968.4,123.1,"1,091.50","1,802.00","2,893.40"
E08000036,Yorkshire and The Humber,Wakefield,154.3,7.1,161.4,10.4,171.8,419.2,32.5,451.7,"1,069.30","1,521.00"
E06000015,East Midlands,Derby,79.1,32.4,111.5,7.6,119.1,227.9,107.3,335.2,579.5,914.7
E06000016,East Midlands,Leicester,103.9,31.1,135,12.4,147.5,305.8,108.6,414.3,808.6,"1,222.90"
E06000017,East Midlands,Rutland,11.6,6,17.6,1.9,19.5,38.9,28.7,67.6,255.4,323
E06000018,East Midlands,Nottingham,102.8,29.3,132.1,11.8,144,296,107.7,403.7,724.4,"1,128.10"
E06000061,East Midlands,North Northamptonshire,121.5,34.4,155.9,11.2,167.1,368.5,139.4,507.9,934.5,"1,442.50"
E06000062,East Midlands,West Northamptonshire,130.6,49.3,179.9,13.9,193.8,422.6,217.1,639.8,989.1,"1,628.80"
E07000032,East Midlands,Amber Valley,43.3,15.9,59.3,4,63.2,126.7,61.2,187.9,316.6,504.5
E07000033,East Midlands,Bolsover,31.4,6.3,37.7,2.1,39.7,87.5,21.1,108.7,227.6,336.3
E07000034,East Midlands,Chesterfield,40.2,9.7,49.9,4.1,54,106.4,32,138.4,213.1,351.5
E07000035,East Midlands,Derbyshire Dales,23.4,11.7,35.1,4.6,39.7,73.9,54.4,128.3,236.7,365
E07000036,East Midlands,Erewash,37.3,14.9,52.2,3.6,55.8,106.3,50.1,156.5,207.6,364.1
E07000037,East Midlands,High Peak,39.8,3.2,43,3.6,46.6,119.9,16.4,136.2,560.8,697.1
E07000038,East Midlands,North East Derbyshire,40.3,7.1,47.5,3,50.4,115.7,27,142.8,243.4,386.1
E07000039,East Midlands,South Derbyshire,36.4,12,48.4,2.8,51.2,110.5,48.3,158.8,328,486.8
E07000129,East Midlands,Blaby,31,12.9,43.9,2.5,46.4,93.3,45.5,138.9,226.1,365
E07000130,East Midlands,Charnwood,55.1,21.8,76.9,5.5,82.4,160,78,238,404.5,642.5
E07000131,East Midlands,Harborough,30.5,12.6,43.1,3.7,46.9,101.8,55.3,157.1,175.7,332.8
E07000132,East Midlands,Hinckley and Bosworth,35.1,16.4,51.5,3.7,55.1,107.6,60.8,168.4,233.3,401.7
E07000133,East Midlands,Melton,15.9,8.1,24,2.2,26.2,50,34.3,84.3,162.8,247.1
E07000134,East Midlands,North West Leicestershire,34.5,12.9,47.4,3.6,51,108.6,52.2,160.9,404.1,565
E07000135,East Midlands,Oadby and Wigston,16.9,7,23.9,1.5,25.5,49.3,24.4,73.8,83.4,157.2
E07000136,East Midlands,Boston,21.4,9.5,30.9,2.6,33.5,64.9,39.7,104.6,183.9,288.5
E07000137,East Midlands,East Lindsey,48.3,20.1,68.4,7.8,76.2,156.6,93.9,250.5,381.6,632.1
E07000138,East Midlands,Lincoln,32.5,11.3,43.9,3.8,47.6,85.9,36.2,122.1,219.2,341.3
E07000139,East Midlands,North Kesteven,37.3,16,53.3,4.2,57.5,115.4,67.1,182.5,252.8,435.4
E07000140,East Midlands,South Holland,29,13.8,42.8,3.7,46.5,95.9,61,156.9,310.1,467
E07000141,East Midlands,South Kesteven,44.8,20.2,65.1,5.4,70.5,139.2,88.7,227.9,343.5,571.5
E07000142,East Midlands,West Lindsey,37.4,7.1,44.5,4,48.5,118.8,32.5,151.3,190.2,341.5
E07000170,East Midlands,Ashfield,45.8,10.7,56.5,3.2,59.7,130.8,36.4,167.2,314,481.2
E07000171,East Midlands,Bassetlaw,43.4,11,54.4,4.5,58.9,131.7,45.2,176.9,346,522.9
E07000172,East Midlands,Broxtowe,37.2,13.4,50.6,3.2,53.8,106,45.9,151.9,144.7,296.6
E07000173,East Midlands,Gedling,38.6,15.3,53.9,2.7,56.7,112.7,56.4,169.1,143.7,312.9
E07000174,East Midlands,Mansfield,41.4,9,50.4,3.2,53.5,115,28.9,143.9,216.9,360.8
E07000175,East Midlands,Newark and Sherwood,42.1,14.4,56.4,4.6,61,129.9,58.3,188.1,300,488.2
E07000176,East Midlands,Rushcliffe,38.1,15.1,53.2,3.4,56.6,119.6,61.7,181.3,205.1,386.4
E06000019,West Midlands,Herefordshire County of,73,13.3,86.3,10.4,96.7,248.8,73.3,322.1,543.9,866
E06000020,West Midlands,Telford and Wrekin,75.6,4.8,80.4,5.7,86,216.6,19.9,236.5,537.8,774.3
E06000021,West Midlands,Stoke-on-Trent,107.8,7.1,114.9,8.2,123.1,292,29.6,321.6,530,851.6
E06000051,West Midlands,Shropshire,129.3,17.2,146.5,16.2,162.7,420.7,95.5,516.2,745.8,"1,261.90"
E07000192,West Midlands,Cannock Chase,41.6,3.7,45.3,3.2,48.5,123.6,15.4,139.1,150.5,289.6
E07000193,West Midlands,East Staffordshire,38.4,15.9,54.3,4.6,58.9,116.2,61.2,177.5,444.6,622.1
E07000194,West Midlands,Lichfield,42.4,5.4,47.8,3.8,51.6,137.9,25.5,163.4,237.5,400.9
E07000195,West Midlands,Newcastle-under-Lyme,51.9,3.8,55.8,3.7,59.5,150.2,18.4,168.5,232,400.5
E07000196,West Midlands,South Staffordshire,44.3,3.8,48.1,3.2,51.3,143.5,18.6,162,278.3,440.4
E07000197,West Midlands,Stafford,55.3,7,62.3,5,67.3,170.2,32.1,202.2,287.2,489.4
E07000198,West Midlands,Staffordshire Moorlands,40.5,3.7,44.2,3.9,48,125.5,18.9,144.3,277.5,421.8
E07000199,West Midlands,Tamworth,25.7,8.6,34.4,2.2,36.6,76.4,31.7,108.1,152.7,260.7
E07000218,West Midlands,North Warwickshire,22,7,29,2.6,31.6,71,30.1,101.1,441.8,542.9
E07000219,West Midlands,Nuneaton and Bedworth,44.5,15.4,59.9,3.4,63.4,127.9,54.1,182,202.5,384.5
E07000220,West Midlands,Rugby,36.7,13.3,50,3.7,53.7,115.1,52.8,167.8,465.5,633.4
E07000221,West Midlands,Stratford-on-Avon,50.7,13.5,64.2,6.4,70.6,184.1,77.3,261.5,344.1,605.5
E07000222,West Midlands,Warwick,47,19.9,66.9,5.7,72.6,148.1,86.1,234.2,349.2,583.4
E07000234,West Midlands,Bromsgrove,38.8,3.7,42.5,3.3,45.8,134,19.6,153.7,146.8,300.4
E07000235,West Midlands,Malvern Hills,32,5,37,3.5,40.5,112.6,28.7,141.4,139.8,281.2
E07000236,West Midlands,Redditch,34.6,2.7,37.4,2.4,39.8,103,10.7,113.8,174.7,288.5
E07000237,West Midlands,Worcester,41.5,5,46.5,3.6,50,119.6,21.2,140.8,216.8,357.6
E07000238,West Midlands,Wychavon,51.5,7.8,59.3,5.5,64.8,177,42,219,353.2,572.2
E07000239,West Midlands,Wyre Forest,41.9,4.3,46.2,3.4,49.6,130.2,19.8,150,188,338
E08000025,West Midlands,Birmingham,393.9,46,439.8,35.6,475.5,"1,212.80",211,"1,423.80","2,267.50","3,691.20"
E08000026,West Midlands,Coventry,109.4,31.8,141.2,10.5,151.7,313.3,118.5,431.7,691.1,"1,122.80"
E08000027,West Midlands,Dudley,126.5,12.1,138.6,9.5,148.1,371.3,50.8,422.1,485.6,907.7
E08000028,West Midlands,Sandwell,121.7,11.6,133.4,10.4,143.7,353.3,49.6,402.9,707.7,"1,110.60"
E08000029,West Midlands,Solihull,83.7,10.4,94,5.9,99.9,272.6,46.6,319.2,556.5,875.7
E08000030,West Midlands,Walsall,106.7,9.6,116.3,8.6,124.9,326,42.2,368.2,475.8,844
E08000031,West Midlands,Wolverhampton,99.3,11.5,110.8,8.3,119,295.9,55.3,351.3,509.7,860.9
E06000031,East,Peterborough,70.9,16.7,87.7,6.9,94.6,205.6,63.1,268.8,580,848.7
E06000032,East,Luton,65.7,14.9,80.6,5.3,85.9,197.1,59.6,256.7,359.4,616.2
E06000033,East,Southend-on-Sea,64.3,17.1,81.4,6.5,87.9,194.8,65.5,260.3,257.1,517.4
E06000034,East,Thurrock,53.2,16.4,69.6,4.7,74.3,172.7,73.2,245.9,646.6,892.5
E06000055,East,Bedford,61.6,16.6,78.2,6,84.2,192.9,74.4,267.3,412.4,679.6
E06000056,East,Central Bedfordshire,103.2,25.7,129,8.7,137.6,328.8,113.8,442.6,531.4,974
E07000008,East,Cambridge,44.6,11.3,56,6.1,62.1,125.7,44.6,170.4,556.7,727
E07000009,East,East Cambridgeshire,30.4,9.4,39.7,3.6,43.4,103.6,47.6,151.3,228.6,379.9
E07000010,East,Fenland,35.7,10.4,46.1,3.8,49.9,117.7,47.1,164.8,305.6,470.4
E07000011,East,Huntingdonshire,61.1,19.3,80.5,7.1,87.5,195.5,84.2,279.7,462.9,742.6
E07000012,East,South Cambridgeshire,54,17.1,71.1,5.9,77,189.4,89.7,279.1,480.6,759.6
E07000066,East,Basildon,63.6,15.4,78.9,5.8,84.7,204.4,65.9,270.3,374.4,644.7
E07000067,East,Braintree,51.1,16.6,67.7,5.7,73.4,168.6,80.1,248.7,233.7,482.5
E07000068,East,Brentwood,28.2,6.4,34.6,2.7,37.3,101.9,30.9,132.7,124.7,257.4
E07000069,East,Castle Point,30.8,7.3,38,2.2,40.2,104.1,31,135,79.3,214.4
E07000070,East,Chelmsford,60.7,18.2,78.8,5.8,84.7,205.2,84.8,290,355.6,645.7
E07000071,East,Colchester,64.3,19,83.2,6.9,90.1,199.9,83.4,283.3,343.2,626.5
E07000072,East,Epping Forest,47.6,9.1,56.7,5.1,61.8,181.9,46.5,228.4,190.8,419.2
E07000073,East,Harlow,33.1,6.5,39.6,3,42.6,95.9,22.8,118.7,239.6,358.2
E07000074,East,Maldon,21.7,7.8,29.5,2.6,32.1,81.2,40.7,121.8,115.9,237.7
E07000075,East,Rochford,29.9,7.1,37,2.4,39.4,100,30.6,130.6,103.8,234.4
E07000076,East,Tendring,55.9,16.4,72.3,5.5,77.9,167.4,71.2,238.5,213.4,452
E07000077,East,Uttlesford,30.1,8.8,39,3.7,42.7,119.7,49.7,169.4,199.7,369.1
E07000095,East,Broxbourne,32.4,9.2,41.7,3.1,44.8,105.7,39.8,145.5,199.6,345
E07000096,East,Dacorum,54.6,12.1,66.8,5.3,72,181.2,54.8,236.1,469.9,706
E07000098,East,Hertsmere,35.6,9.1,44.7,3.6,48.3,130.5,41.2,171.7,245.8,417.5
E07000099,East,North Hertfordshire,45.9,12.3,58.2,5.1,63.4,151.7,58.2,209.9,241.1,451
E07000102,East,Three Rivers,30.3,7.8,38.1,2.6,40.7,113.4,37.4,150.8,198.7,349.5
E07000103,East,Watford,32.2,9.2,41.4,3.5,45,101.1,37.1,138.1,275.8,413.9
E07000143,East,Breckland,44.7,18.6,63.3,5.8,69.1,154.6,90.2,244.8,280.8,525.6
E07000144,East,Broadland,46.9,13.6,60.5,4.1,64.7,146,63.7,209.6,212.2,421.8
E07000145,East,Great Yarmouth,34.7,12,46.7,4.2,50.8,102.8,51.2,154,171.4,325.4
E07000146,East,King's Lynn and West Norfolk,49.9,24.2,74,6.6,80.6,176.9,122.7,299.7,444.4,744.1
E07000147,East,North Norfolk,36.9,19.3,56.2,5.9,62.1,118.3,97.7,216,258.5,474.5
E07000148,East,Norwich,53.7,12.9,66.5,7,73.6,136.9,44.9,181.8,292.3,474.2
E07000149,East,South Norfolk,46.5,18.3,64.7,5.1,69.8,155.4,93.8,249.2,264.5,513.7
E07000200,East,Babergh,30.3,12.3,42.5,3.8,46.4,103,62.9,165.8,166.6,332.4
E07000202,East,Ipswich,46.2,14.8,60.9,4.9,65.8,131.2,57.2,188.4,220.1,408.5
E07000203,East,Mid Suffolk,32.8,14.9,47.7,4.2,51.9,116.7,78.6,195.3,248.8,444.2
E07000240,East,St Albans,51.5,10.4,61.9,4.8,66.6,182.5,48.6,231.1,207.5,438.6
E07000241,East,Welwyn Hatfield,40.6,8.1,48.7,3.7,52.4,134.4,35.4,169.8,496.3,666.1
E07000242,East,East Hertfordshire,49.4,16.6,66.1,5.6,71.6,178.1,83.8,261.9,241.3,503.2
E07000243,East,Stevenage,32.3,5.1,37.3,2.5,39.9,93.4,19.6,113,220,333.1
E07000244,East,East Suffolk,87.8,31.9,119.6,10.3,129.9,265.7,149.1,414.8,589.8,"1,004.60"
E07000245,East,West Suffolk,59.5,21.1,80.6,7.7,88.3,188.8,102.6,291.4,540,831.4
E09000001,Inner London,City of London,6.1,0.9,7.1,6.3,13.4,21.3,4.3,25.6,"1,621.60","1,647.20"
E09000007,Inner London,Camden,99.4,5.9,105.4,23.8,129.2,285.7,27.4,313.1,"1,168.90","1,482.00"
E09000012,Inner London,Hackney,104.8,7.2,112,16.5,128.5,286.3,30.6,316.9,516.1,833
E09000013,Inner London,Hammersmith and Fulham,84.8,5.6,90.3,12.7,103,236.7,26.4,263.1,613.5,876.6
E09000014,Inner London,Haringey,90.1,21.4,111.5,9.4,120.9,256.9,71.5,328.4,407.4,735.8
E09000019,Inner London,Islington,99.3,6.1,105.4,16.8,122.2,252,30.2,282.3,682.8,965.1
E09000020,Inner London,Kensington and Chelsea,80.8,5.9,86.7,18.1,104.8,291.9,30.3,322.2,884.4,"1,206.50"
E09000022,Inner London,Lambeth,135,8.1,143.1,16.5,159.6,356.5,39.9,396.3,563.7,960
E09000023,Inner London,Lewisham,120,9.1,129.1,11.5,140.6,329.7,43,372.6,265.7,638.3
E09000025,Inner London,Newham,116,8,124,10.2,134.2,324.1,38,362.1,944.9,"1,307.00"
E09000028,Inner London,Southwark,127.4,13.1,140.5,16.8,157.2,342.7,65.9,408.6,845.3,"1,253.90"
E09000030,Inner London,Tower Hamlets,124,14.5,138.5,16.3,154.7,334,77.1,411.1,"2,005.80","2,416.90"
E09000032,Inner London,Wandsworth,142.3,10.2,152.5,15.6,168.2,409.2,51.5,460.7,468.3,929
E09000033,Inner London,Westminster,115.3,10,125.3,36.7,162,397,54,451,"2,723.60","3,174.70"
E09000002,Outer London,Barking and Dagenham,68.1,9.8,77.9,5.6,83.4,195.5,39,234.5,317.2,551.7
E09000003,Outer London,Barnet,121.4,35.6,156.9,12.6,169.6,424.4,155.6,579.9,455.1,"1,035.10"
E09000004,Outer London,Bexley,92.3,7.9,100.2,6.7,107,288.7,38,326.7,395,721.7
E09000005,Outer London,Brent,108.3,16.1,124.4,13.5,137.9,329.2,69.3,398.5,737.5,"1,136.00"
E09000006,Outer London,Bromley,127.2,14.4,141.6,10.8,152.4,419.7,64.2,483.9,342.9,826.8
E09000008,Outer London,Croydon,138.6,23.1,161.7,12.4,174.1,434,96.6,530.6,582.3,"1,112.90"
E09000009,Outer London,Ealing,133,9.6,142.6,12.3,154.9,396.2,47.4,443.5,898.4,"1,342.00"
E09000010,Outer London,Enfield,96.3,29.7,126,9.1,135.1,308.7,125.2,433.9,501.1,935
E09000011,Outer London,Greenwich,113.6,6.2,119.9,9.2,129.1,315.3,29.4,344.6,431.8,776.4
E09000015,Outer London,Harrow,74.5,19,93.5,6.4,99.9,241.1,78,319.2,193.6,512.7
E09000016,Outer London,Havering,90,16.2,106.2,7.3,113.5,283.7,67.2,350.9,357.6,708.5
E09000017,Outer London,Hillingdon,102,13.4,115.4,8.3,123.7,329.8,62.1,391.9,"1,181.20","1,573.10"
E09000018,Outer London,Hounslow,97.9,8.9,106.8,8.4,115.2,310.4,46.2,356.6,807.9,"1,164.50"
E09000021,Outer London,Kingston upon Thames,59.1,9.5,68.6,6.1,74.7,195.6,40.5,236.1,286.6,522.7
E09000024,Outer London,Merton,80.3,5.9,86.2,7.4,93.6,255.3,28.5,283.8,424.6,708.4
E09000026,Outer London,Redbridge,96.8,7.5,104.2,7.8,112.1,321.4,37.2,358.6,230.6,589.3
E09000027,Outer London,Richmond upon Thames,75.7,9.3,85.1,8.2,93.3,256.4,42.2,298.6,282.3,580.9
E09000029,Outer London,Sutton,70.9,14.1,85,6.2,91.2,223.8,63.3,287.1,334.7,621.8
E09000031,Outer London,Waltham Forest,96.1,9.7,105.9,8.6,114.5,269.5,41.4,310.9,298.6,609.5
E06000035,South East,Medway,100.3,17.3,117.6,7.8,125.4,305.8,67.6,373.4,384.1,757.4
E06000036,South East,Bracknell Forest,48.5,4.2,52.7,3,55.7,164.9,21.7,186.6,266.4,453
E06000037,South East,West Berkshire,61.7,8.2,69.9,6.9,76.8,236,55.4,291.3,521.2,812.5
E06000038,South East,Reading,63.9,8.2,72.1,6.4,78.4,194.2,42.9,237.1,428.8,665.9
E06000039,South East,Slough,49.6,6,55.6,4.5,60,155.7,31,186.7,"1,463.20","1,649.90"
E06000040,South East,Windsor and Maidenhead,60.2,4.6,64.8,6.3,71.1,233,27.8,260.7,365,625.8
E06000041,South East,Wokingham,69.4,3.6,73,4.4,77.4,247.6,20.1,267.7,316.5,584.2
E06000042,South East,Milton Keynes,93.6,26.2,119.8,8.6,128.4,285.3,103.7,389.1,865.4,"1,254.50"
E06000043,South East,Brighton and Hove,101.7,27.3,129,14.2,143.2,286.2,97.5,383.7,450.4,834.1
E06000044,South East,Portsmouth,82.4,8,90.4,7.2,97.6,227.7,39.3,267,484.5,751.5
E06000045,South East,Southampton,94.2,14.7,108.9,8.6,117.5,275.6,78.7,354.4,450.6,805
E06000046,South East,Isle of Wight,64,8.6,72.6,7.2,79.8,188,45.1,233.1,249.8,482.9
E06000060,South East,Buckinghamshire,197.9,34.3,232.3,19.2,251.5,744.3,183.8,928.1,930.1,"1,858.10"
E07000061,South East,Eastbourne,38.5,10.1,48.6,4.6,53.2,104.3,39.6,143.9,159.7,303.7
E07000062,South East,Hastings,34,9.2,43.3,4,47.3,96.1,33.7,129.8,122.3,252.1
E07000063,South East,Lewes,36.6,9.9,46.5,4,50.5,115.4,46.6,162,133.6,295.6
E07000064,South East,Rother,35.3,10.8,46.2,4.6,50.7,117.8,54,171.7,156.7,328.5
E07000065,South East,Wealden,55.6,16.2,71.8,6.7,78.5,201,88.6,289.5,199.1,488.6
E07000084,South East,Basingstoke and Deane,75.4,5.3,80.8,5.5,86.3,255.1,33.2,288.3,439.4,727.7
E07000085,South East,East Hampshire,51.4,4.4,55.8,4.8,60.6,191.3,28.4,219.7,185.1,404.8
E07000086,South East,Eastleigh,56.5,3.5,60,3.6,63.6,171.3,16.9,188.2,274.2,462.4
E07000087,South East,Fareham,47.3,3,50.3,3.3,53.6,146.2,14.6,160.9,219.7,380.5
E07000088,South East,Gosport,33.4,4.2,37.6,2.4,40,94.5,20.4,114.8,119.7,234.5
E07000089,South East,Hart,39.9,2.5,42.4,2.9,45.3,144.9,14.1,159,272.9,431.9
E07000090,South East,Havant,53.3,3.6,56.9,3.5,60.4,160.8,17.1,177.9,170.2,348.1
E07000091,South East,New Forest,76.1,6.2,82.3,7.3,89.6,257.6,35.2,292.8,391.7,684.5
E07000092,South East,Rushmoor,38.2,3,41.2,2.8,44,115.1,14.2,129.3,204.8,334.1
E07000093,South East,Test Valley,53.1,5,58.1,5.3,63.3,187.1,33.1,220.2,296.3,516.4
E07000094,South East,Winchester,51.6,4.6,56.2,5.9,62.1,189.5,29,218.5,331.2,549.7
E07000105,South East,Ashford,46.2,10.5,56.7,5.3,62,154.7,52,206.7,260.8,467.5
E07000106,South East,Canterbury,57,10.8,67.7,6.3,74.1,173.5,46.1,219.5,293.1,512.6
E07000107,South East,Dartford,43.9,5,48.8,3.8,52.7,132.9,21.9,154.9,240.4,395.3
E07000108,South East,Dover,46.3,8,54.3,4.4,58.8,131.1,31.7,162.8,204.1,366.9
E07000109,South East,Gravesham,37.3,6.6,44,3.1,47,115.5,27.2,142.7,202.8,345.6
E07000110,South East,Maidstone,62.9,12.9,75.8,6.2,82,206.9,59.2,266.1,339.3,605.5
E07000111,South East,Sevenoaks,40.7,10.4,51,4.8,55.8,160.1,56.9,217,177.9,394.9
E07000112,South East,Folkestone and Hythe,42,10.3,52.3,4.8,57.1,123.3,43.3,166.6,207.1,373.7
E07000113,South East,Swale,53.9,9.7,63.5,5.1,68.6,168.9,40.1,209,453.1,662
E07000114,South East,Thanet,57.1,11,68.2,5.9,74.1,161,41.7,202.7,229.7,432.4
E07000115,South East,Tonbridge and Malling,46.5,9,55.5,4.5,60,157.9,42.7,200.6,249.6,450.2
E07000116,South East,Tunbridge Wells,38.8,12.7,51.5,5.2,56.7,138.6,64.8,203.3,253.3,456.7
E07000177,South East,Cherwell,62.2,8,70.1,6,76.2,211.5,44.6,256.2,440.4,696.6
E07000178,South East,Oxford,53.1,5.9,59,6.4,65.4,160.4,29.4,189.9,547.4,737.3
E07000179,South East,South Oxfordshire,58.9,7.4,66.3,5.9,72.2,222.5,44.9,267.5,452.5,719.9
E07000180,South East,Vale of White Horse,57.7,5.3,63.1,5.2,68.3,195,33.7,228.7,454.4,683.1
E07000181,South East,West Oxfordshire,48,5.1,53.1,5.3,58.4,174.7,33.4,208,292,500
E07000207,South East,Elmbridge,50.3,8.1,58.4,5.1,63.5,217.4,42.7,260.2,218.6,478.8
E07000208,South East,Epsom and Ewell,28.4,4.3,32.7,2.3,35,99.2,19.6,118.8,81.4,200.3
E07000209,South East,Guildford,49.9,9.4,59.3,5.5,64.8,186.3,47.4,233.7,306.2,539.9
E07000210,South East,Mole Valley,30.7,7.1,37.9,3.8,41.7,121.9,37,158.9,211.7,370.7
E07000211,South East,Reigate and Banstead,52.8,10.4,63.3,5.1,68.4,189.4,48.1,237.5,315.5,552.9
E07000212,South East,Runnymede,31.6,4.9,36.5,3.2,39.7,118.6,24.4,143,225.8,368.7
E07000213,South East,Spelthorne,40.1,3.8,43.9,3,46.9,133.1,20.5,153.5,188.9,342.4
E07000214,South East,Surrey Heath,35.3,2.4,37.7,2.9,40.6,133.2,12.9,146.1,175.3,321.4
E07000215,South East,Tandridge,30.6,6.6,37.3,3.4,40.7,119.8,36.7,156.5,122.8,279.3
E07000216,South East,Waverley,51.1,5,56.1,4.9,61,203.2,31.2,234.4,163.5,397.9
E07000217,South East,Woking,33.9,9.3,43.2,3.3,46.5,123.8,43,166.9,356.2,523.1
E07000223,South East,Adur,21.7,6.8,28.6,2.2,30.7,65.7,27,92.7,119.5,212.2
E07000224,South East,Arun,67,10.2,77.2,5.7,82.8,205.7,46.8,252.5,198,450.5
E07000225,South East,Chichester,53.6,7.2,60.8,6.3,67.1,197.7,46.9,244.6,314.3,558.9
E07000226,South East,Crawley,38.5,8,46.4,3.4,49.8,114.9,30.1,145,431.8,576.7
E07000227,South East,Horsham,52.1,13,65.1,5.9,71,189.4,69.7,259.1,236.6,495.7
E07000228,South East,Mid Sussex,54.9,13.3,68.2,5.6,73.8,185.9,64,249.9,230.3,480.2
E07000229,South East,Worthing,38.9,12.2,51.1,4.2,55.3,113.5,48.1,161.6,143.4,305.1
E06000022,South West,Bath and North East Somerset,76.7,8.9,85.5,8.6,94.1,242.2,46.7,288.8,300.3,589.1
E06000023,South West,Bristol City of,185.1,18.8,203.9,18.4,222.3,524.8,85.1,609.9,999.4,"1,609.40"
E06000024,South West,North Somerset,91,8.3,99.3,7.9,107.2,276.4,42.1,318.5,376.1,694.5
E06000025,South West,South Gloucestershire,113.1,11.9,125,8.5,133.5,345.9,58.6,404.5,667.9,"1,072.40"
E06000026,South West,Plymouth,110.8,9.3,120.1,8.9,129,302.8,35.9,338.7,467.2,805.8
E06000027,South West,Torbay,58.4,8,66.4,5.8,72.2,168.8,37.6,206.4,190.1,396.5
E06000030,South West,Swindon,93.8,6.6,100.4,6.2,106.7,277.8,33.9,311.7,556,867.7
E06000052,South West,Cornwall,227,56.9,283.9,32.8,316.6,789.5,333.7,"1,123.20","1,176.50","2,299.70"
E06000053,South West,Isles of Scilly,0.7,0.5,1.2,0.5,1.7,3.6,3.1,6.7,8.9,15.6
E06000054,South West,Wiltshire,200.7,27.5,228.2,21.3,249.6,696.3,187.2,883.5,"1,203.20","2,086.70"
E06000058,South West,Bournemouth Christchurch and Poole,167.5,17.4,184.9,16.6,201.5,498.9,86,585,718.5,"1,303.50"
E06000059,South West,Dorset,165.2,19.5,184.7,20.6,205.3,526.3,117.7,643.9,823.8,"1,467.70"
E06000066,South West,Somerset,230.7,34.7,265.4,27.7,293.1,740.8,205.7,946.5,"1,273.20","2,219.80"
E07000040,South West,East Devon,64.3,8.8,73.2,7.3,80.4,194.9,50.9,245.8,222.1,468
E07000041,South West,Exeter,49.7,6.1,55.9,5.3,61.2,133.6,28.1,161.6,337.4,499
E07000042,South West,Mid Devon,31.3,5.3,36.6,4.6,41.2,108,32.5,140.5,186.6,327
E07000043,South West,North Devon,41.4,6.1,47.5,6.4,53.9,131.1,34.4,165.4,239.4,404.8
E07000044,South West,South Hams,39.2,8.5,47.6,6.1,53.7,133.5,51.1,184.6,225.8,410.4
E07000045,South West,Teignbridge,56.4,7.9,64.3,6.2,70.5,176.2,44.1,220.3,200.2,420.5
E07000046,South West,Torridge,27.6,5.1,32.7,4.5,37.2,91.3,30,121.3,121,242.3
E07000047,South West,West Devon,22.6,3.8,26.5,3.6,30.1,79.3,23,102.3,117.6,219.9
E07000078,South West,Cheltenham,48.9,7.8,56.7,4.4,61.2,142.5,33.6,176.1,278,454.1
E07000079,South West,Cotswold,39.2,6.7,45.9,6,51.9,158.2,47.4,205.6,196.8,402.4
E07000080,South West,Forest of Dean,34.2,5.6,39.8,3.4,43.2,118.4,33.4,151.8,213.1,364.9
E07000081,South West,Gloucester,52,6.2,58.2,4.2,62.4,153.5,25.3,178.8,308.3,487.1
E07000082,South West,Stroud,48.2,7.8,56,4.7,60.7,161.9,41.5,203.4,256.2,459.5
E07000083,South West,Tewkesbury,39.3,4.9,44.2,3.4,47.6,123.5,23.9,147.4,276.7,424.1
W06000001,Wales,Isle of Anglesey / Ynys Môn,30.8,4.5,35.3,3.6,38.9,99.1,26.9,126,141.1,267.1
W06000002,Wales,Gwynedd / Gwynedd,50.1,10.4,60.4,8.2,68.7,154.4,58.2,212.6,261.9,474.5
W06000003,Wales,Conwy / Conwy,52.1,4.6,56.7,6.1,62.8,146,23.3,169.3,181.4,350.7
W06000004,Wales,Denbighshire / Sir Ddinbych,41.1,3.3,44.4,4.5,48.9,125.3,18.5,143.9,185.2,329.1
W06000005,Wales,Flintshire / Sir y Fflint,66.3,2.8,69.1,5.2,74.3,199.1,14.2,213.4,741.2,954.5
W06000006,Wales,Wrexham / Wrecsam,56.5,3.4,60,4.5,64.5,166.4,18.1,184.5,581.5,766
W06000008,Wales,Ceredigion / Ceredigion,27,7.2,34.2,5.4,39.5,93.8,43.7,137.5,180.4,317.9
W06000009,Wales,Pembrokeshire / Sir Benfro,56.1,6.2,62.3,8.3,70.6,167.8,32.3,200,596,796
W06000010,Wales,Carmarthenshire / Sir Gaerfyrddin,81.6,5.2,86.9,9.5,96.4,247.2,29.6,276.8,517.2,794
W06000011,Wales,Swansea / Abertawe,107.9,5,112.9,8,120.9,294.6,23.5,318.1,481.6,799.7
W06000012,Wales,Neath Port Talbot / Castell-nedd Port Talbot,64.6,1.3,65.9,4.1,70,176.2,5.5,181.7,951.3,"1,133.00"
W06000013,Wales,Bridgend / Pen-y-bont ar Ogwr,63.7,1.5,65.2,4.5,69.7,175.8,6.5,182.3,308.2,490.5
W06000014,Wales,Vale of Glamorgan / Bro Morgannwg,58.1,2.8,60.9,4.1,65,172.7,14.4,187.1,379.7,566.8
W06000015,Wales,Cardiff / Caerdydd,149.2,9.6,158.8,11.9,170.6,424.9,44.1,469,933.1,"1,402.20"
W06000016,Wales,Rhondda Cynon Taf / Rhondda Cynon Taf,108.2,1.6,109.8,6.8,116.6,289.1,8.3,297.4,365.5,662.9
W06000018,Wales,Caerphilly / Caerffili,78.5,1.1,79.5,4.9,84.4,215.4,5.3,220.7,344,564.7
W06000019,Wales,Blaenau Gwent / Blaenau Gwent,32.1,0.4,32.5,2.2,34.7,83.3,1.7,84.9,141.9,226.9
W06000020,Wales,Torfaen / Torfaen,41.6,0.8,42.4,2.7,45.1,110.7,3.6,114.3,248,362.3
W06000021,Wales,Monmouthshire / Sir Fynwy,40.3,3.1,43.4,4.4,47.8,128.5,17.8,146.3,211.8,358.1
W06000022,Wales,Newport / Casnewydd,67.4,2.4,69.9,4.6,74.5,190.3,11.7,202,628.7,830.7
W06000023,Wales,Powys / Powys,55.7,7.2,62.9,10.9,73.8,182,44.2,226.2,302.1,528.3
W06000024,Wales,Merthyr Tydfil / Merthyr Tudful,26.7,0.3,26.9,1.6,28.6,71.3,1.4,72.6,106.2,178.9
S12000005,Scotland,Clackmannanshire,24,1.6,25.6,1.3,26.9,66.5,6.6,73.1,196.9,270
S12000006,Scotland,Dumfries and Galloway,65.3,12.5,77.8,9.8,87.7,208.3,60.6,268.9,459.5,728.3
S12000008,Scotland,East Ayrshire,56.7,2,58.7,4.1,62.8,153.2,9,162.2,223.2,385.4
S12000010,Scotland,East Lothian,48.4,5.1,53.6,3.6,57.2,144.9,26.1,170.9,273.9,444.8
S12000011,Scotland,East Renfrewshire,38.2,3.2,41.4,1.8,43.2,120.8,15.1,135.8,68.6,204.4
S12000013,Scotland,Na h-Eileanan Siar,14.1,3.9,18,2,20,54.5,23.7,78.2,63.1,141.3
S12000014,Scotland,Falkirk,72,6.7,78.7,4.5,83.1,199.5,27.9,227.4,362.1,589.5
S12000017,Scotland,Highland,111.4,29.7,141.1,16.1,157.2,390.1,185.6,575.6,894.8,"1,470.50"
S12000018,Scotland,Inverclyde,35.3,4.7,40,2.4,42.4,91.6,16.1,107.7,160.6,268.3
S12000019,Scotland,Midlothian,41.9,1.7,43.7,2.6,46.3,117.9,8.2,126.1,207,333.2
S12000020,Scotland,Moray,43.2,4.9,48.1,4.5,52.6,133.4,27.4,160.8,288.5,449.3
S12000021,Scotland,North Ayrshire,64.9,6.8,71.7,4.7,76.4,173.3,32,205.3,362.9,568.2
S12000023,Scotland,Orkney Islands,8.8,5.6,14.4,2.2,16.6,38.2,37.9,76.1,56.7,132.8
S12000026,Scotland,Scottish Borders,52.4,10,62.3,7.3,69.7,166.1,45,211,280.2,491.3
S12000027,Scotland,Shetland Islands,9.1,7.7,16.8,1.8,18.7,36.7,52.5,89.2,81.3,170.5
S12000028,Scotland,South Ayrshire,53.3,4.3,57.6,4.8,62.4,149.5,18.9,168.4,252.1,420.6
S12000029,Scotland,South Lanarkshire,143.1,16.9,160,9.8,169.7,418.1,75.2,493.4,517.3,"1,010.60"
S12000030,Scotland,Stirling,39.2,4.9,44.2,4.4,48.6,126.8,29.6,156.4,291.2,447.6
S12000033,Scotland,Aberdeen City,113.8,11.1,124.8,9.2,134,289.5,45.7,335.2,602.9,938
S12000034,Scotland,Aberdeenshire,112.9,13.4,126.3,12.9,139.2,393.2,86.2,479.4,633.8,"1,113.20"
S12000035,Scotland,Argyll and Bute,43.3,13.4,56.7,6.8,63.5,150.4,82.2,232.6,233.9,466.5
S12000036,Scotland,City of Edinburgh,238.9,29.1,268.1,19.4,287.5,626.4,120.9,747.2,"1,274.30","2,021.50"
S12000038,Scotland,Renfrewshire,83.5,8.3,91.9,5.2,97,218.5,27.8,246.3,414.9,661.2
S12000039,Scotland,West Dunbartonshire,42.5,3.7,46.2,2.9,49,105,12.2,117.2,198.4,315.7
S12000040,Scotland,West Lothian,80.7,4,84.7,5.4,90.1,232.2,17.1,249.3,444.5,693.8
S12000041,Scotland,Angus,53.2,7.2,60.5,5.3,65.8,163.1,38.2,201.3,274.9,476.3
S12000042,Scotland,Dundee City,70.6,10.1,80.7,5.3,86,193.3,45.4,238.7,297,535.7
S12000045,Scotland,East Dunbartonshire,45.8,2.9,48.8,2.4,51.2,140,12.7,152.7,142.6,295.3
S12000047,Scotland,Fife,172.6,12.3,184.9,12.4,197.3,476,53.7,529.7,813,"1,342.70"
S12000048,Scotland,Perth and Kinross,69.5,11.6,81.1,8.4,89.5,229.7,70.2,299.9,409.9,709.9
S12000049,Scotland,Glasgow City,277.3,44.9,322.2,23.2,345.4,665,158.9,823.9,"1,578.50","2,402.40"
S12000050,Scotland,North Lanarkshire,147.8,12.7,160.5,8.8,169.3,401.4,50.9,452.3,732,"1,184.30"
